Employee_ID,Name,Department,Age,Gender,Salary,Join_Date,Performance_Score,Remote_Work,Projects_Completed
EMP-1001,Employee_1,Engineering,42,Male,115792.0,2018-01-01,5.0,False,16
EMP-1002,Employee_2,Finance,53,Non-Binary,110441.0,2018-01-06,5.0,False,10
EMP-1003,Employee_3,Marketing,44,Male,129555.0,2018-01-11,2.0,False,10
EMP-1004,Employee_4,Engineering,54,Female,118698.0,2018-01-16,3.0,False,12
EMP-1005,Employee_5,Sales,24,Female,50415.0,2018-01-21,3.0,False,9
EMP-1006,Employee_6,Sales,39,Male,81159.0,2018-01-26,2.0,True,1
EMP-1007,Employee_7,Sales,46,Male,88925.0,2018-01-31,3.0,True,5
EMP-1008,Employee_8,Finance,52,Female,50951.0,2018-02-05,4.0,True,20
EMP-1009,Employee_9,Marketing,24,Male,132388.0,2018-02-10,4.0,True,8
EMP-1010,Employee_10,Marketing,45,Female,53007.0,2018-02-15,2.0,True,11
EMP-1011,Employee_11,Sales,53,Female,86832.0,2018-02-20,4.0,False,12
EMP-1012,Employee_12,Finance,43,Female,103596.0,2018-02-25,3.0,True,1
EMP-1013,Employee_13,HR,44,Female,75523.0,2018-03-02,4.0,False,22
EMP-1014,Employee_14,Sales,23,Non-Binary,133861.0,2018-03-07,5.0,True,20
EMP-1015,Employee_15,Sales,48,Male,131740.0,2018-03-12,3.0,False,11
EMP-1016,Employee_16,Sales,23,Female,60524.0,2018-03-17,3.0,False,5
EMP-1017,Employee_17,Engineering,47,Male,64282.0,2018-03-22,4.0,False,15
EMP-1018,Employee_18,Engineering,38,Male,68930.0,2018-03-27,3.0,False,5
EMP-1019,Employee_19,Engineering,54,Male,45077.0,2018-04-01,1.0,True,12
EMP-1020,Employee_20,Engineering,30,Female,65611.0,2018-04-06,,False,5
EMP-1021,Employee_21,Marketing,50,Female,61984.0,2018-04-11,3.0,True,17
EMP-1022,Employee_22,Sales,47,Female,59060.0,2018-04-16,4.0,False,17
EMP-1023,Employee_23,Engineering,56,Female,127985.0,2018-04-21,3.0,True,24
EMP-1024,Employee_24,Engineering,46,Female,129056.0,2018-04-26,4.0,False,12
EMP-1025,Employee_25,Engineering,45,Male,88303.0,2018-05-01,3.0,False,24
EMP-1026,Employee_26,HR,34,Female,104207.0,2018-05-06,5.0,True,15
EMP-1027,Employee_27,Sales,28,Female,120046.0,2018-05-11,4.0,True,15
EMP-1028,Employee_28,Engineering,57,Female,74287.0,2018-05-16,2.0,True,6
EMP-1029,Employee_29,Engineering,41,Female,138709.0,2018-05-21,3.0,True,12
EMP-1030,Employee_30,Sales,22,Female,84711.0,2018-05-26,5.0,False,20
EMP-1031,Employee_31,Marketing,29,Female,56954.0,2018-05-31,3.0,True,18
EMP-1032,Employee_32,Sales,37,Female,118340.0,2018-06-05,2.0,True,14
EMP-1033,Employee_33,Sales,35,Female,117101.0,2018-06-10,3.0,True,2
EMP-1034,Employee_34,Finance,33,Female,116520.0,2018-06-15,3.0,False,9
EMP-1035,Employee_35,Finance,44,Male,132062.0,2018-06-20,4.0,True,5
EMP-1036,Employee_36,HR,36,Female,63574.0,2018-06-25,3.0,True,20
EMP-1037,Employee_37,Engineering,49,Female,54184.0,2018-06-30,3.0,True,1
EMP-1038,Employee_38,Sales,55,Female,64096.0,2018-07-05,3.0,False,23
EMP-1039,Employee_39,Marketing,23,Male,112728.0,2018-07-10,3.0,False,3
EMP-1040,Employee_40,Engineering,53,Female,,2018-07-15,3.0,True,6
EMP-1041,Employee_41,Sales,44,Male,,2018-07-20,2.0,True,5
EMP-1042,Employee_42,Engineering,43,Male,90558.0,2018-07-25,5.0,False,21
EMP-1043,Employee_43,Sales,46,Female,63381.0,2018-07-30,3.0,False,5
EMP-1044,Employee_44,Finance,43,Male,81455.0,2018-08-04,3.0,True,1
EMP-1045,Employee_45,Engineering,43,Male,137263.0,2018-08-09,4.0,False,17
EMP-1046,Employee_46,Marketing,27,Female,49018.0,2018-08-14,3.0,False,19
EMP-1047,Employee_47,Engineering,36,Female,56302.0,2018-08-19,4.0,True,14
EMP-1048,Employee_48,Engineering,58,Male,112506.0,2018-08-24,3.0,False,12
EMP-1049,Employee_49,Engineering,54,Male,86157.0,2018-08-29,2.0,False,10
EMP-1050,Employee_50,Sales,29,Non-Binary,99917.0,2018-09-03,3.0,False,20
EMP-1051,Employee_51,Finance,26,Female,137738.0,2018-09-08,3.0,True,21
EMP-1052,Employee_52,HR,25,Male,128122.0,2018-09-13,4.0,True,18
EMP-1053,Employee_53,Finance,27,Female,69519.0,2018-09-18,2.0,False,24
EMP-1054,Employee_54,Finance,53,Male,132487.0,2018-09-23,2.0,False,11
EMP-1055,Employee_55,Engineering,51,Male,101819.0,2018-09-28,3.0,False,2
EMP-1056,Employee_56,Finance,56,Female,125910.0,2018-10-03,3.0,False,18
EMP-1057,Employee_57,Sales,37,Female,116324.0,2018-10-08,,False,7
EMP-1058,Employee_58,Sales,34,Female,50408.0,2018-10-13,3.0,False,24
EMP-1059,Employee_59,Sales,51,Female,104379.0,2018-10-18,3.0,True,15
EMP-1060,Employee_60,Engineering,40,Female,70053.0,2018-10-23,3.0,True,11
EMP-1061,Employee_61,Engineering,38,Male,54446.0,2018-10-28,3.0,False,18
EMP-1062,Employee_62,Engineering,40,Male,45922.0,2018-11-02,4.0,True,23
EMP-1063,Employee_63,HR,49,Male,96356.0,2018-11-07,3.0,False,12
EMP-1064,Employee_64,Engineering,47,Male,55789.0,2018-11-12,4.0,True,6
EMP-1065,Employee_65,Engineering,58,Male,111656.0,2018-11-17,3.0,True,20
EMP-1066,Employee_66,Engineering,47,Male,89028.0,2018-11-22,3.0,True,23
EMP-1067,Employee_67,Sales,44,Male,109484.0,2018-11-27,5.0,False,13
EMP-1068,Employee_68,HR,30,Female,77154.0,2018-12-02,2.0,False,20
EMP-1069,Employee_69,Sales,33,Female,127870.0,2018-12-07,2.0,True,16
EMP-1070,Employee_70,Finance,22,Female,47336.0,2018-12-12,4.0,False,18
EMP-1071,Employee_71,HR,22,Female,112779.0,2018-12-17,2.0,False,10
EMP-1072,Employee_72,Sales,55,Female,64029.0,2018-12-22,4.0,False,23
EMP-1073,Employee_73,Sales,53,Female,104201.0,2018-12-27,3.0,True,8
EMP-1074,Employee_74,HR,46,Male,,2019-01-01,5.0,False,18
EMP-1075,Employee_75,Marketing,22,Male,88872.0,2019-01-06,4.0,False,21
EMP-1076,Employee_76,Marketing,37,Female,91197.0,2019-01-11,,True,1
EMP-1077,Employee_77,HR,26,Female,100180.0,2019-01-16,5.0,True,23
EMP-1078,Employee_78,Sales,43,Female,68710.0,2019-01-21,3.0,False,8
EMP-1079,Employee_79,Engineering,50,Male,,2019-01-26,5.0,False,6
EMP-1080,Employee_80,Sales,24,Female,,2019-01-31,2.0,True,5
EMP-1081,Employee_81,Finance,33,Male,116895.0,2019-02-05,3.0,False,15
EMP-1082,Employee_82,Marketing,47,Female,109435.0,2019-02-10,3.0,False,22
EMP-1083,Employee_83,Engineering,37,Male,85631.0,2019-02-15,3.0,False,15
EMP-1084,Employee_84,Sales,58,Non-Binary,65103.0,2019-02-20,2.0,False,2
EMP-1085,Employee_85,Engineering,43,Female,109772.0,2019-02-25,4.0,False,1
EMP-1086,Employee_86,Engineering,50,Male,59382.0,2019-03-02,4.0,False,23
EMP-1087,Employee_87,Marketing,35,Male,,2019-03-07,5.0,True,23
EMP-1088,Employee_88,Marketing,49,Male,48756.0,2019-03-12,2.0,True,11
EMP-1089,Employee_89,Finance,26,Female,65609.0,2019-03-17,3.0,False,10
EMP-1090,Employee_90,Engineering,51,Male,61478.0,2019-03-22,3.0,False,18
EMP-1091,Employee_91,Sales,26,Male,84666.0,2019-03-27,3.0,True,18
EMP-1092,Employee_92,Marketing,33,Male,120683.0,2019-04-01,3.0,False,17
EMP-1093,Employee_93,HR,37,Male,116315.0,2019-04-06,3.0,False,8
EMP-1094,Employee_94,Engineering,47,Male,122834.0,2019-04-11,4.0,False,15
EMP-1095,Employee_95,HR,47,Non-Binary,59153.0,2019-04-16,3.0,False,8
EMP-1096,Employee_96,Engineering,42,Male,121325.0,2019-04-21,3.0,False,17
EMP-1097,Employee_97,Engineering,57,Male,57999.0,2019-04-26,2.0,True,12
EMP-1098,Employee_98,Engineering,54,Male,100318.0,2019-05-01,2.0,True,8
EMP-1099,Employee_99,Sales,51,Female,,2019-05-06,1.0,True,14
EMP-1100,Employee_100,Sales,58,Male,121077.0,2019-05-11,5.0,True,4
EMP-1101,Employee_101,Sales,44,Male,135474.0,2019-05-16,1.0,False,1
EMP-1102,Employee_102,Marketing,31,Female,47443.0,2019-05-21,2.0,False,1
EMP-1103,Employee_103,Engineering,26,Male,120993.0,2019-05-26,3.0,True,19
EMP-1104,Employee_104,Engineering,57,Female,120916.0,2019-05-31,4.0,False,16
EMP-1105,Employee_105,Finance,55,Male,118319.0,2019-06-05,5.0,True,14
EMP-1106,Employee_106,Sales,52,Male,62368.0,2019-06-10,4.0,False,21
EMP-1107,Employee_107,Engineering,31,Male,,2019-06-15,3.0,False,16
EMP-1108,Employee_108,HR,40,Female,101942.0,2019-06-20,3.0,True,5
EMP-1109,Employee_109,Sales,53,Male,136751.0,2019-06-25,2.0,False,9
EMP-1110,Employee_110,Sales,22,Male,72306.0,2019-06-30,5.0,True,2
EMP-1111,Employee_111,Engineering,26,Female,130451.0,2019-07-05,4.0,False,18
EMP-1112,Employee_112,Sales,25,Female,84915.0,2019-07-10,3.0,False,6
EMP-1113,Employee_113,Finance,37,Male,82219.0,2019-07-15,4.0,True,9
EMP-1114,Employee_114,HR,45,Female,125879.0,2019-07-20,4.0,False,1
EMP-1115,Employee_115,Marketing,37,Female,109644.0,2019-07-25,3.0,True,9
EMP-1116,Employee_116,Finance,23,Male,105279.0,2019-07-30,5.0,True,16
EMP-1117,Employee_117,HR,49,Female,98028.0,2019-08-04,5.0,False,13
EMP-1118,Employee_118,Sales,53,Male,45126.0,2019-08-09,3.0,True,9
EMP-1119,Employee_119,Finance,48,Female,97329.0,2019-08-14,3.0,False,21
EMP-1120,Employee_120,Engineering,41,Male,72632.0,2019-08-19,2.0,False,13
EMP-1121,Employee_121,HR,45,Female,110310.0,2019-08-24,3.0,False,9
EMP-1122,Employee_122,Finance,33,Male,100176.0,2019-08-29,1.0,True,11
EMP-1123,Employee_123,Engineering,56,Female,131066.0,2019-09-03,3.0,False,4
EMP-1124,Employee_124,Sales,54,Male,89327.0,2019-09-08,5.0,False,2
EMP-1125,Employee_125,Sales,54,Female,113904.0,2019-09-13,,True,6
EMP-1126,Employee_126,Engineering,58,Male,,2019-09-18,3.0,False,14
EMP-1127,Employee_127,HR,33,Male,92882.0,2019-09-23,3.0,False,4
EMP-1128,Employee_128,Finance,24,Non-Binary,58718.0,2019-09-28,2.0,False,6
EMP-1129,Employee_129,Sales,22,Male,79560.0,2019-10-03,4.0,False,19
EMP-1130,Employee_130,Engineering,54,Female,121589.0,2019-10-08,2.0,False,6
EMP-1131,Employee_131,Engineering,31,Male,67116.0,2019-10-13,2.0,False,2
EMP-1132,Employee_132,Sales,50,Female,81244.0,2019-10-18,3.0,False,18
EMP-1133,Employee_133,Sales,34,Female,46645.0,2019-10-23,4.0,False,13
EMP-1134,Employee_134,Engineering,33,Female,92523.0,2019-10-28,4.0,True,9
EMP-1135,Employee_135,Finance,52,Male,64256.0,2019-11-02,2.0,True,23
EMP-1136,Employee_136,Engineering,23,Male,98173.0,2019-11-07,3.0,False,19
EMP-1137,Employee_137,Engineering,56,Female,82430.0,2019-11-12,3.0,True,13
EMP-1138,Employee_138,Marketing,44,Male,84282.0,2019-11-17,3.0,False,11
EMP-1139,Employee_139,Engineering,38,Female,108374.0,2019-11-22,3.0,True,1
EMP-1140,Employee_140,Finance,47,Female,113244.0,2019-11-27,3.0,True,24
EMP-1141,Employee_141,Finance,29,Female,56694.0,2019-12-02,3.0,False,22
EMP-1142,Employee_142,Engineering,50,Female,101264.0,2019-12-07,3.0,False,7
EMP-1143,Employee_143,Engineering,47,Male,120060.0,2019-12-12,4.0,True,21
EMP-1144,Employee_144,Engineering,31,Male,102545.0,2019-12-17,3.0,False,15
EMP-1145,Employee_145,Engineering,47,Male,84224.0,2019-12-22,3.0,False,1
EMP-1146,Employee_146,Sales,55,Female,58224.0,2019-12-27,3.0,True,12
EMP-1147,Employee_147,Marketing,28,Female,85738.0,2020-01-01,3.0,False,7
EMP-1148,Employee_148,Engineering,25,Female,70150.0,2020-01-06,4.0,True,15
EMP-1149,Employee_149,Sales,32,Male,108731.0,2020-01-11,3.0,True,21
EMP-1150,Employee_150,Engineering,50,Female,94688.0,2020-01-16,3.0,False,19
EMP-1151,Employee_151,Finance,57,Male,,2020-01-21,4.0,True,1
EMP-1152,Employee_152,Sales,46,Non-Binary,53577.0,2020-01-26,3.0,False,17
EMP-1153,Employee_153,Sales,42,Male,53070.0,2020-01-31,3.0,False,17
EMP-1154,Employee_154,Engineering,57,Male,53666.0,2020-02-05,4.0,True,3
EMP-1155,Employee_155,Finance,31,Female,102761.0,2020-02-10,3.0,False,12
EMP-1156,Employee_156,Sales,58,Male,81368.0,2020-02-15,3.0,False,6
EMP-1157,Employee_157,Marketing,30,Male,,2020-02-20,5.0,True,11
EMP-1158,Employee_158,HR,45,Male,86914.0,2020-02-25,1.0,False,3
EMP-1159,Employee_159,Sales,56,Female,115507.0,2020-03-01,2.0,False,8
EMP-1160,Employee_160,Marketing,56,Female,124026.0,2020-03-06,3.0,False,14
EMP-1161,Employee_161,Engineering,57,Female,112526.0,2020-03-11,5.0,False,14
EMP-1162,Employee_162,Marketing,39,Male,115835.0,2020-03-16,2.0,True,10
EMP-1163,Employee_163,Marketing,53,Male,90765.0,2020-03-21,1.0,False,2
EMP-1164,Employee_164,Engineering,45,Male,64956.0,2020-03-26,2.0,False,14
EMP-1165,Employee_165,Sales,44,Female,132895.0,2020-03-31,2.0,False,9
EMP-1166,Employee_166,HR,53,Male,91240.0,2020-04-05,1.0,False,3
EMP-1167,Employee_167,Engineering,58,Female,82148.0,2020-04-10,3.0,False,21
EMP-1168,Employee_168,Sales,33,Female,139270.0,2020-04-15,3.0,False,8
EMP-1169,Employee_169,Sales,34,Female,49757.0,2020-04-20,3.0,False,16
EMP-1170,Employee_170,Engineering,44,Male,64097.0,2020-04-25,3.0,False,2
EMP-1171,Employee_171,Marketing,46,Female,55395.0,2020-04-30,,False,6
EMP-1172,Employee_172,Sales,56,Male,61241.0,2020-05-05,3.0,False,21
EMP-1173,Employee_173,Engineering,51,Male,72696.0,2020-05-10,3.0,False,12
EMP-1174,Employee_174,Sales,38,Female,115480.0,2020-05-15,4.0,True,5
EMP-1175,Employee_175,Marketing,41,Male,91163.0,2020-05-20,1.0,True,2
EMP-1176,Employee_176,Sales,46,Female,64816.0,2020-05-25,3.0,False,16
EMP-1177,Employee_177,Marketing,43,Female,94840.0,2020-05-30,3.0,False,5
EMP-1178,Employee_178,Engineering,34,Female,97853.0,2020-06-04,4.0,False,15
EMP-1179,Employee_179,Finance,40,Female,69917.0,2020-06-09,4.0,False,12
EMP-1180,Employee_180,Sales,57,Male,66566.0,2020-06-14,3.0,False,4
EMP-1181,Employee_181,Engineering,33,Female,120452.0,2020-06-19,3.0,False,15
EMP-1182,Employee_182,Sales,40,Male,107823.0,2020-06-24,,True,11
EMP-1183,Employee_183,Finance,33,Male,65806.0,2020-06-29,1.0,False,16
EMP-1184,Employee_184,Finance,30,Male,120520.0,2020-07-04,2.0,False,23
EMP-1185,Employee_185,Engineering,28,Male,46759.0,2020-07-09,3.0,False,6
EMP-1186,Employee_186,Marketing,49,Male,86949.0,2020-07-14,2.0,False,14
EMP-1187,Employee_187,HR,35,Female,137374.0,2020-07-19,5.0,True,18
EMP-1188,Employee_188,Engineering,52,Female,47482.0,2020-07-24,4.0,True,12
EMP-1189,Employee_189,Engineering,40,Male,69442.0,2020-07-29,3.0,True,11
EMP-1190,Employee_190,Sales,37,Male,78719.0,2020-08-03,3.0,False,13
EMP-1191,Employee_191,Sales,26,Female,103066.0,2020-08-08,5.0,True,21
EMP-1192,Employee_192,Finance,56,Male,138501.0,2020-08-13,,False,23
EMP-1193,Employee_193,Finance,33,Female,47079.0,2020-08-18,,False,11
EMP-1194,Employee_194,Marketing,46,Male,47717.0,2020-08-23,5.0,True,23
EMP-1195,Employee_195,Engineering,42,Female,104676.0,2020-08-28,5.0,False,16
EMP-1196,Employee_196,Engineering,57,Female,72952.0,2020-09-02,4.0,True,15
EMP-1197,Employee_197,Marketing,44,Female,131444.0,2020-09-07,2.0,False,21
EMP-1198,Employee_198,Finance,37,Male,87460.0,2020-09-12,3.0,True,15
EMP-1199,Employee_199,Finance,35,Male,135397.0,2020-09-17,4.0,False,4
EMP-1200,Employee_200,HR,52,Female,117847.0,2020-09-22,3.0,True,11
EMP-1201,Employee_201,Marketing,26,Male,138607.0,2020-09-27,4.0,False,19
EMP-1202,Employee_202,Sales,56,Female,134106.0,2020-10-02,2.0,False,15
EMP-1203,Employee_203,Sales,44,Male,63449.0,2020-10-07,1.0,False,4
EMP-1204,Employee_204,Finance,50,Female,78536.0,2020-10-12,3.0,False,21
EMP-1205,Employee_205,Marketing,32,Female,109077.0,2020-10-17,1.0,False,13
EMP-1206,Employee_206,Sales,39,Male,83258.0,2020-10-22,5.0,False,22
EMP-1207,Employee_207,Sales,33,Non-Binary,93302.0,2020-10-27,4.0,False,19
EMP-1208,Employee_208,Marketing,30,Male,73865.0,2020-11-01,4.0,False,2
EMP-1209,Employee_209,Sales,31,Male,51645.0,2020-11-06,3.0,False,14
EMP-1210,Employee_210,Sales,38,Male,83000.0,2020-11-11,3.0,False,4
EMP-1211,Employee_211,Engineering,59,Female,71737.0,2020-11-16,3.0,True,16
EMP-1212,Employee_212,Marketing,28,Non-Binary,56485.0,2020-11-21,3.0,True,21
EMP-1213,Employee_213,Marketing,34,Male,,2020-11-26,3.0,False,20
EMP-1214,Employee_214,Sales,30,Male,70522.0,2020-12-01,3.0,False,14
EMP-1215,Employee_215,Marketing,48,Male,110155.0,2020-12-06,3.0,False,15
EMP-1216,Employee_216,Sales,23,Male,100168.0,2020-12-11,3.0,False,3
EMP-1217,Employee_217,Engineering,26,Male,97487.0,2020-12-16,5.0,False,8
EMP-1218,Employee_218,Marketing,50,Female,57342.0,2020-12-21,4.0,True,16
EMP-1219,Employee_219,Marketing,58,Male,85806.0,2020-12-26,3.0,True,10
EMP-1220,Employee_220,HR,59,Female,93770.0,2020-12-31,3.0,True,4
EMP-1221,Employee_221,Marketing,40,Non-Binary,123623.0,2021-01-05,4.0,False,18
EMP-1222,Employee_222,Engineering,29,Male,120629.0,2021-01-10,1.0,False,2
EMP-1223,Employee_223,Sales,22,Female,97603.0,2021-01-15,,True,17
EMP-1224,Employee_224,Engineering,43,Male,126974.0,2021-01-20,4.0,False,13
EMP-1225,Employee_225,Engineering,38,Male,71399.0,2021-01-25,3.0,False,4
EMP-1226,Employee_226,Sales,28,Male,130382.0,2021-01-30,3.0,False,11
EMP-1227,Employee_227,Finance,46,Male,126244.0,2021-02-04,3.0,False,7
EMP-1228,Employee_228,Engineering,25,Female,121534.0,2021-02-09,3.0,True,12
EMP-1229,Employee_229,Finance,57,Male,100106.0,2021-02-14,,False,10
EMP-1230,Employee_230,Marketing,27,Male,75678.0,2021-02-19,4.0,False,7
EMP-1231,Employee_231,HR,52,Female,121218.0,2021-02-24,1.0,True,13
EMP-1232,Employee_232,Engineering,40,Male,108230.0,2021-03-01,3.0,False,7
EMP-1233,Employee_233,Engineering,48,Female,119055.0,2021-03-06,5.0,True,24
EMP-1234,Employee_234,Engineering,31,Female,101373.0,2021-03-11,4.0,False,17
EMP-1235,Employee_235,Sales,47,Male,76480.0,2021-03-16,3.0,False,10
EMP-1236,Employee_236,Marketing,40,Male,130230.0,2021-03-21,3.0,False,10
EMP-1237,Employee_237,Engineering,24,Female,113836.0,2021-03-26,1.0,False,24
EMP-1238,Employee_238,Sales,34,Male,117258.0,2021-03-31,3.0,True,4
EMP-1239,Employee_239,Marketing,49,Female,84986.0,2021-04-05,1.0,False,20
EMP-1240,Employee_240,Sales,41,Female,69160.0,2021-04-10,3.0,True,4
EMP-1241,Employee_241,Finance,49,Female,130595.0,2021-04-15,5.0,True,22
EMP-1242,Employee_242,Finance,29,Female,124111.0,2021-04-20,2.0,False,7
EMP-1243,Employee_243,Finance,22,Female,109929.0,2021-04-25,4.0,True,22
EMP-1244,Employee_244,Engineering,24,Male,118506.0,2021-04-30,5.0,False,1
EMP-1245,Employee_245,Sales,34,Male,79911.0,2021-05-05,2.0,False,12
EMP-1246,Employee_246,Finance,49,Female,132127.0,2021-05-10,4.0,True,24
EMP-1247,Employee_247,Engineering,46,Male,76821.0,2021-05-15,3.0,True,13
EMP-1248,Employee_248,Finance,54,Male,120039.0,2021-05-20,5.0,True,10
EMP-1249,Employee_249,Finance,59,Female,105535.0,2021-05-25,3.0,False,15
EMP-1250,Employee_250,Finance,27,Male,129458.0,2021-05-30,3.0,False,13
